Id,First_name,Last_name,Email,Gender,Country
1,Jordanna,Corkill,jcorkill0@godaddy.com,Female,China
2,Kordula,Kinnon,kkinnon1@techcrunch.com,Female,China
3,Archambault,Hounsham,ahounsham2@ca.gov,Non-binary,Indonesia
4,Shoshanna,Buxsey,sbuxsey3@free.fr,Female,China
5,Myrvyn,Obington,mobington4@salon.com,Male,Malaysia
6,Davine,Boller,dboller5@weather.com,Female,China
7,Nikki,Dibble,ndibble6@psu.edu,Male,China
8,Michal,Slavin,mslavin7@google.es,Female,Indonesia
9,Hildagard,Parrin,hparrin8@wordpress.com,Female,Indonesia
10,Merrill,De Antoni,mdeantoni9@time.com,Genderqueer,China
11,Dori,Joinson,djoinsona@toplist.cz,Female,Indonesia
12,Tabor,Hargreave,thargreaveb@miitbeian.gov.cn,Male,Indonesia
13,Gui,Jenicke,gjenickec@shareasale.com,Female,China
14,Chance,Dulton,cdultond@wix.com,Male,Indonesia
15,Georgianne,Panton,gpantone@ustream.tv,Female,China
16,Carlene,Acosta,cacostaf@jugem.jp,Female,Indonesia
17,Yehudit,Tapper,ytapperg@people.com.cn,Male,Vietnam
18,Neron,Loxdale,nloxdaleh@tumblr.com,Polygender,China
19,Constantin,Dorney,cdorneyi@china.com.cn,Male,China
20,Damiano,Nolleau,dnolleauj@hud.gov,Male,China
21,Bobbie,Crimp,bcrimpk@artisteer.com,Male,China
22,Kimberli,Mell,kmelll@sbwire.com,Female,South Korea
23,Brittni,Drinkwater,bdrinkwaterm@ca.gov,Female,China
24,Beale,D'Agostino,bdagostinon@adobe.com,Male,Indonesia
25,Ginnie,Spellard,gspellardo@elegantthemes.com,Bigender,China
26,Jaquith,Flott,jflottp@hao123.com,Polygender,China
27,Elaina,Footer,efooterq@gravatar.com,Female,China
28,Maximo,Gettens,mgettensr@purevolume.com,Male,China
29,Myrilla,Hinstock,mhinstocks@blog.com,Female,China
30,Andie,Hanstock,ahanstockt@sohu.com,Male,China
31,Jennica,Ingman,jingmanu@kickstarter.com,Female,Indonesia
32,Ketti,Youdell,kyoudellv@stanford.edu,Female,China
33,Christan,Ludl,cludlw@mlb.com,Female,China
34,Cale,Raith,craithx@gov.uk,Male,Vietnam
35,Bearnard,Windus,bwindusy@edublogs.org,Male,China
36,Husain,Elvins,helvinsz@biglobe.ne.jp,Male,China
37,Avigdor,Belitz,abelitz10@wsj.com,Male,China
38,Wolf,Haglinton,whaglinton11@gmpg.org,Male,Japan
39,Teddi,Uglow,tuglow12@tripod.com,Female,China
40,Abigale,Goullee,agoullee13@behance.net,Female,China
41,Veronica,Waszczyk,vwaszczyk14@springer.com,Female,Indonesia
42,Christophorus,Cobbledick,ccobbledick15@berkeley.edu,Male,Vietnam
43,Porty,Henstridge,phenstridge16@hhs.gov,Male,China
44,Ag,Welford,awelford17@cpanel.net,Female,Indonesia
45,Arlin,Rosenzwig,arosenzwig18@github.com,Male,China
46,Morris,Driussi,mdriussi19@shareasale.com,Male,Thailand
47,Rosetta,Sapwell,rsapwell1a@tinyurl.com,Female,China
48,Dorine,McBeath,dmcbeath1b@qq.com,Female,Indonesia
49,Tabor,Rebert,trebert1c@timesonline.co.uk,Male,Indonesia
50,Elwyn,Stolberger,estolberger1d@zdnet.com,Male,China
51,Izzy,Luckhurst,iluckhurst1e@webnode.com,Male,China
52,Vonnie,Clother,vclother1f@oakley.com,Female,Indonesia
53,Tawsha,Farherty,tfarherty1g@msu.edu,Female,Indonesia
54,Etan,Cisson,ecisson1h@loc.gov,Male,China
55,Valma,Faulds,vfaulds1i@mapquest.com,Female,Indonesia
56,Rock,Roycraft,rroycraft1j@bbb.org,Male,China
57,Giralda,Cuthbert,gcuthbert1k@thetimes.co.uk,Female,China
58,Koenraad,Barltrop,kbarltrop1l@shareasale.com,Male,North Korea
59,Ashia,Wherrett,awherrett1m@phoca.cz,Female,China
60,Hedwig,Swatten,hswatten1n@desdev.cn,Female,Indonesia
61,Eudora,Slevin,eslevin1o@slate.com,Polygender,China
62,Annabela,Longley,alongley1p@admin.ch,Female,China
63,Merell,Seiller,mseiller1q@dedecms.com,Male,Indonesia
64,Sanders,Basford,sbasford1r@geocities.jp,Agender,China
65,Leone,Pavie,lpavie1s@bluehost.com,Female,Indonesia
66,Hardy,Aughton,haughton1t@webmd.com,Male,Indonesia
67,Lucienne,Goldine,lgoldine1u@simplemachines.org,Female,China
68,Kareem,Canario,kcanario1v@marriott.com,Genderfluid,Japan
69,Prince,Tzar,ptzar1w@moonfruit.com,Male,China
70,Hakim,Colum,hcolum1x@networksolutions.com,Male,Indonesia
71,Farlay,Whittlesea,fwhittlesea1y@who.int,Male,China
72,Charisse,Quarrell,cquarrell1z@qq.com,Female,Indonesia
73,Artemus,Jakuszewski,ajakuszewski20@cdc.gov,Male,Indonesia
74,Selestina,Jakeway,sjakeway21@statcounter.com,Female,China
75,Sigfrid,MacDougal,smacdougal22@shop-pro.jp,Male,Japan
76,Haze,Mattevi,hmattevi23@guardian.co.uk,Male,South Korea
77,Delcine,Fleischer,dfleischer24@bbc.co.uk,Female,China
78,Allene,McMillan,amcmillan25@prlog.org,Female,China
79,Gardy,Ogilvie,gogilvie26@google.com,Male,China
80,Had,Aldcorn,haldcorn27@usda.gov,Male,Thailand
81,Glen,Warlawe,gwarlawe28@diigo.com,Female,Thailand
82,Menard,Joiris,mjoiris29@mlb.com,Male,Malaysia
83,Daron,Sidwell,dsidwell2a@meetup.com,Female,China
84,Toddie,Bigham,tbigham2b@cloudflare.com,Male,China
85,Florri,Real,freal2c@meetup.com,Female,Indonesia
86,Merry,Krzysztofiak,mkrzysztofiak2d@tumblr.com,Female,Indonesia
87,Ellery,Malecky,emalecky2e@cloudflare.com,Male,China
88,Howey,Ottawell,hottawell2f@newyorker.com,Male,Indonesia
89,Sanford,Trazzi,strazzi2g@businesswire.com,Male,Indonesia
90,Fons,Donneely,fdonneely2h@uiuc.edu,Male,China
91,Beverlie,Drowsfield,bdrowsfield2i@phpbb.com,Female,China
92,Danila,Klimsch,dklimsch2j@linkedin.com,Female,China
93,Tibold,McGee,tmcgee2k@angelfire.com,Male,Indonesia
94,Lanie,Carroll,lcarroll2l@bbc.co.uk,Male,Indonesia
95,Berk,Crummay,bcrummay2m@yahoo.co.jp,Male,China
96,Wanda,Cushion,wcushion2n@bing.com,Genderqueer,Vietnam
97,Joete,Coker,jcoker2o@fotki.com,Female,China
98,Imojean,Simeone,isimeone2p@mac.com,Female,China
99,Steffen,Maffucci,smaffucci2q@webmd.com,Male,China
100,Hatti,Ferfulle,hferfulle2r@spiegel.de,Female,China
101,Shelton,Lisle,slisle2s@elegantthemes.com,Male,Indonesia
102,Obie,Ferentz,oferentz2t@plala.or.jp,Male,Indonesia
103,Tyne,Eliot,teliot2u@goo.gl,Female,China
104,Yuri,Rutter,yrutter2v@time.com,Male,Indonesia
105,Nani,Vile,nvile2w@forbes.com,Female,Japan
106,Cookie,Cow,ccow2x@nifty.com,Female,Indonesia
107,Andris,Nayshe,anayshe2y@engadget.com,Male,Thailand
108,Chase,Lovemore,clovemore2z@arstechnica.com,Male,Japan
109,Othilia,Rickardes,orickardes30@aboutads.info,Female,China
110,Ina,Haime,ihaime31@tripadvisor.com,Female,China
111,Hildagard,Spoole,hspoole32@skype.com,Female,Indonesia
112,Inglebert,Tondeur,itondeur33@wsj.com,Male,Indonesia
113,Brock,Librey,blibrey34@auda.org.au,Male,Indonesia
114,Cody,McGrae,cmcgrae35@cbc.ca,Female,China
115,Melisent,Filippov,mfilippov36@economist.com,Female,China
116,Tami,Bulfoot,tbulfoot37@china.com.cn,Female,China
117,Peder,Writtle,pwrittle38@utexas.edu,Male,China
118,Harcourt,Sproul,hsproul39@cbsnews.com,Male,China
119,Guthry,Player,gplayer3a@acquirethisname.com,Male,Japan
120,Malanie,Byram,mbyram3b@51.la,Female,Vietnam
121,Sara,Curd,scurd3c@ameblo.jp,Female,Indonesia
122,Henrik,Blazewski,hblazewski3d@businessinsider.com,Male,China
123,Cointon,Hearne,chearne3e@infoseek.co.jp,Male,Indonesia
124,Mel,Alfonzo,malfonzo3f@senate.gov,Agender,China
125,Dorothee,Jewers,djewers3g@bandcamp.com,Female,China
126,Mignonne,Huskisson,mhuskisson3h@weibo.com,Female,Japan
127,Fleur,Barthot,fbarthot3i@google.ca,Female,Indonesia
128,Ericha,Clout,eclout3j@live.com,Female,Indonesia
129,Rufe,Dawby,rdawby3k@wikipedia.org,Male,Malaysia
130,Faina,Adshad,fadshad3l@livejournal.com,Female,North Korea
131,Fanni,Muris,fmuris3m@tinypic.com,Female,Indonesia
132,Tremain,Grieves,tgrieves3n@oakley.com,Male,China
133,Tiena,Wornham,twornham3o@state.gov,Female,China
134,Bobbette,Firle,bfirle3p@pagesperso-orange.fr,Female,Indonesia
135,Selig,Menichini,smenichini3q@nhs.uk,Male,China
136,Conrado,Sowray,csowray3r@hud.gov,Male,Indonesia
137,Lonnie,Brandle,lbrandle3s@umn.edu,Female,China
138,Munroe,Ecclesall,mecclesall3t@discovery.com,Male,China
139,Sheffie,Garnar,sgarnar3u@mozilla.com,Male,China
140,Gayel,Rabjohn,grabjohn3v@wp.com,Female,Indonesia
141,Mignonne,Garrelts,mgarrelts3w@goo.ne.jp,Bigender,China
142,Arielle,Dudding,adudding3x@spotify.com,Female,Indonesia
143,Bjorn,Eyrl,beyrl3y@wordpress.org,Non-binary,China
144,Lurleen,Blaw,lblaw3z@wikispaces.com,Female,Indonesia
145,Constanta,Van Velde,cvanvelde40@liveinternet.ru,Female,Indonesia
146,Kaitlynn,Salla,ksalla41@zdnet.com,Female,China
147,Brucie,Josling,bjosling42@hexun.com,Male,China
148,Valry,Maffini,vmaffini43@yandex.ru,Female,Indonesia
149,Thaddus,Griffitt,tgriffitt44@cam.ac.uk,Male,China
150,Oran,Killingback,okillingback45@time.com,Polygender,China
151,Pascale,Lightbourn,plightbourn46@google.com.br,Male,Indonesia
152,Cassie,Blaasch,cblaasch47@goo.gl,Male,China
153,Clemence,Trillo,ctrillo48@whitehouse.gov,Female,China
154,Prissie,Humpage,phumpage49@istockphoto.com,Female,China
155,Cullin,Tampin,ctampin4a@usda.gov,Male,China
156,Rolfe,Aleksahkin,raleksahkin4b@photobucket.com,Male,China
157,Kalle,Ruckert,kruckert4c@blogger.com,Male,China
158,Augy,Densun,adensun4d@cbslocal.com,Male,China
159,Josephine,Fenn,jfenn4e@networksolutions.com,Female,China
160,Parry,Garrold,pgarrold4f@a8.net,Male,China
161,Irv,Crispin,icrispin4g@oakley.com,Male,China
162,Darill,Mougeot,dmougeot4h@tumblr.com,Male,China
163,Sergei,Bradburn,sbradburn4i@hao123.com,Polygender,Indonesia
164,Kaspar,Hepher,khepher4j@wix.com,Non-binary,China
165,Hernando,Ewdale,hewdale4k@themeforest.net,Male,China
166,Martica,Brailey,mbrailey4l@amazon.com,Female,China
167,Mercie,Weems,mweems4m@abc.net.au,Female,China
168,Nolana,Vooght,nvooght4n@dedecms.com,Female,China
169,Sayers,Mathwin,smathwin4o@cnn.com,Male,China
170,Clyde,Cull,ccull4p@wunderground.com,Male,Indonesia
171,Torrie,Matusov,tmatusov4q@globo.com,Female,China
172,Kari,Smythe,ksmythe4r@hibu.com,Female,Indonesia
173,Staford,Grisard,sgrisard4s@wisc.edu,Male,China
174,Thoma,Gammett,tgammett4t@dailymail.co.uk,Male,Indonesia
175,Danice,Duce,dduce4u@oaic.gov.au,Female,Thailand
176,Worden,Caudrelier,wcaudrelier4v@wordpress.com,Male,South Korea
177,Woodrow,Pfleger,wpfleger4w@walmart.com,Male,Indonesia
178,Killian,Tuohy,ktuohy4x@berkeley.edu,Genderfluid,Indonesia
179,Benita,Hazeldene,bhazeldene4y@desdev.cn,Female,Malaysia
180,Dennet,Nacci,dnacci4z@cdc.gov,Male,Indonesia
181,Hyman,Itskovitz,hitskovitz50@ca.gov,Male,Indonesia
182,Ambrosio,Boman,aboman51@cocolog-nifty.com,Male,China
183,Izabel,Darthe,idarthe52@parallels.com,Female,Indonesia
184,Edithe,Wallworth,ewallworth53@reverbnation.com,Female,Indonesia
185,Anders,Naisey,anaisey54@accuweather.com,Male,Indonesia
186,Deny,Van de Vlies,dvandevlies55@dropbox.com,Female,China
187,Agnes,Burd,aburd56@adobe.com,Female,Indonesia
188,Artemus,Ganny,aganny57@timesonline.co.uk,Male,Indonesia
189,Odelia,Lippingwell,olippingwell58@sphinn.com,Female,China
190,Lucias,Neles,lneles59@vinaora.com,Male,Indonesia
191,Malachi,Kik,mkik5a@dion.ne.jp,Male,Indonesia
192,Amanda,Bleyman,ableyman5b@fc2.com,Female,Indonesia
193,Prudi,Yarrall,pyarrall5c@gmpg.org,Female,China
194,Gill,Bountiff,gbountiff5d@typepad.com,Male,China
195,Pail,Fiddler,pfiddler5e@woothemes.com,Male,Indonesia
196,Hercules,Brenston,hbrenston5f@discuz.net,Male,China
197,Matelda,Dutson,mdutson5g@surveymonkey.com,Female,China
198,Celestina,Henrique,chenrique5h@com.com,Female,China
199,Abbey,Covendon,acovendon5i@infoseek.co.jp,Female,Japan
200,Josselyn,Bowater,jbowater5j@go.com,Non-binary,Indonesia
201,Lynsey,Wraighte,lwraighte5k@hostgator.com,Female,China
202,Wald,Shaul,wshaul5l@pcworld.com,Male,Indonesia
203,Michaelina,Keave,mkeave5m@sciencedaily.com,Genderfluid,Indonesia
204,Shawn,Twigger,stwigger5n@hibu.com,Male,China
205,Ardra,Legges,alegges5o@hud.gov,Female,China
206,Tabbatha,Dallywater,tdallywater5p@scribd.com,Female,China
207,Joey,Blackhurst,jblackhurst5q@whitehouse.gov,Male,Indonesia
208,Parke,Steane,psteane5r@wikia.com,Male,Indonesia
209,Amelie,Sturgess,asturgess5s@hatena.ne.jp,Female,Indonesia
210,Miguelita,Zanutti,mzanutti5t@berkeley.edu,Female,Indonesia
211,Byrom,Corran,bcorran5u@google.com,Male,China
212,Aubrey,Sheeres,asheeres5v@adobe.com,Bigender,Indonesia
213,Jannel,Clyma,jclyma5w@opera.com,Female,Indonesia
214,Benjie,Waistell,bwaistell5x@fotki.com,Male,Japan
215,Josselyn,MacGeaney,jmacgeaney5y@facebook.com,Genderfluid,Japan
216,Ralph,Sackler,rsackler5z@ocn.ne.jp,Male,China
217,Zuzana,Culley,zculley60@hugedomains.com,Female,China
218,Asia,Kauble,akauble61@prweb.com,Female,Japan
219,Rodolfo,Coalburn,rcoalburn62@blogger.com,Male,China
220,Arlette,Longdon,alongdon63@skyrock.com,Female,China
221,Bogey,Pippin,bpippin64@naver.com,Agender,Indonesia
222,Padraic,Copnar,pcopnar65@weather.com,Male,China
223,Morissa,Laughlan,mlaughlan66@ovh.net,Female,Indonesia
224,Cicely,Eyton,ceyton67@usgs.gov,Female,China
225,Munmro,Dunniom,mdunniom68@weather.com,Male,China
226,Nissy,Romand,nromand69@ovh.net,Female,China
227,Sadella,Francecione,sfrancecione6a@geocities.com,Female,China
228,Meriel,Maudson,mmaudson6b@nature.com,Female,China
229,Judye,Birtwistle,jbirtwistle6c@fda.gov,Female,China
230,Brandon,Fathers,bfathers6d@creativecommons.org,Male,China
231,Kerianne,Milmo,kmilmo6e@princeton.edu,Female,Indonesia
232,Gaynor,Talboy,gtalboy6f@vimeo.com,Female,Indonesia
233,Paulette,Sheirlaw,psheirlaw6g@nature.com,Bigender,Indonesia
234,Dalt,Segrott,dsegrott6h@google.fr,Male,China
235,Cori,Halse,chalse6i@arizona.edu,Male,China
236,Crosby,Goncaves,cgoncaves6j@meetup.com,Male,China
237,Joyan,Tofts,jtofts6k@cyberchimps.com,Female,China
238,Kirsteni,Forrestill,kforrestill6l@redcross.org,Female,Indonesia
239,Pren,Strick,pstrick6m@shop-pro.jp,Agender,Indonesia
240,Kathy,Wandrach,kwandrach6n@aboutads.info,Female,Indonesia
241,Reece,Claypoole,rclaypoole6o@sakura.ne.jp,Male,China
242,Stuart,Rabson,srabson6p@umn.edu,Non-binary,Indonesia
243,Natal,Pfeffer,npfeffer6q@zdnet.com,Male,China
244,Elfrida,Cossons,ecossons6r@google.com.hk,Female,China
245,Odey,Whiteford,owhiteford6s@flickr.com,Male,China
246,Valeda,Bohl,vbohl6t@gnu.org,Genderfluid,Indonesia
247,Randall,Samber,rsamber6u@devhub.com,Male,China
248,Corrie,Karran,ckarran6v@narod.ru,Male,China
249,Lezlie,Lampitt,llampitt6w@fda.gov,Female,China
250,Ealasaid,Camoys,ecamoys6x@ebay.co.uk,Female,China
251,Lorrie,Bazley,lbazley6y@smh.com.au,Female,Indonesia
252,Percy,Parsell,pparsell6z@ucsd.edu,Male,Indonesia
253,Karin,Cockrill,kcockrill70@weibo.com,Genderqueer,China
254,Paxton,Jiruca,pjiruca71@accuweather.com,Male,Indonesia
255,Dawna,Neath,dneath72@uiuc.edu,Female,China
256,Corabella,Bussell,cbussell73@booking.com,Genderqueer,China
257,Caterina,Kenney,ckenney74@theglobeandmail.com,Female,China
258,Gael,Escudier,gescudier75@fastcompany.com,Male,Indonesia
259,Scarlet,Pryor,spryor76@opensource.org,Female,China
260,Jakie,Trotman,jtrotman77@marriott.com,Non-binary,Vietnam
261,Hersch,Mugridge,hmugridge78@live.com,Male,China
262,Cleavland,Winston,cwinston79@home.pl,Male,China
263,Mayne,Pavkovic,mpavkovic7a@google.com,Male,Japan
264,Lancelot,Fontelles,lfontelles7b@is.gd,Male,South Korea
265,Jacynth,Carnelley,jcarnelley7c@gizmodo.com,Female,China
266,Siouxie,Pyett,spyett7d@dagondesign.com,Non-binary,Indonesia
267,Alf,Keatley,akeatley7e@youtube.com,Male,China
268,Dur,Hazelgrove,dhazelgrove7f@mac.com,Male,China
269,Chanda,Chanders,cchanders7g@surveymonkey.com,Female,Indonesia
270,Georgy,Werrit,gwerrit7h@tuttocitta.it,Genderqueer,China
271,Papageno,Challener,pchallener7i@mit.edu,Bigender,Indonesia
272,Gabie,Garbert,ggarbert7j@ucoz.com,Female,China
273,Enos,Luchelli,eluchelli7k@example.com,Male,Indonesia
274,Blanca,Gillbard,bgillbard7l@studiopress.com,Female,Indonesia
275,Karie,Golton,kgolton7m@posterous.com,Female,China
276,Herve,Carlile,hcarlile7n@who.int,Male,Indonesia
277,Jandy,Rother,jrother7o@posterous.com,Female,Indonesia
278,Devlin,Kestle,dkestle7p@unesco.org,Male,China
279,Hattie,Waller,hwaller7q@thetimes.co.uk,Female,Indonesia
280,Reube,Oglesbee,roglesbee7r@marketwatch.com,Male,Indonesia
281,Aland,Wellbank,awellbank7s@weebly.com,Male,Indonesia
282,Berna,Hunnicot,bhunnicot7t@hao123.com,Female,China
283,Seward,Yakobowitz,syakobowitz7u@nba.com,Male,Indonesia
284,Earlie,Londesborough,elondesborough7v@homestead.com,Male,Japan
285,Lara,L' Estrange,llestrange7w@sogou.com,Female,China
286,Arte,Petkens,apetkens7x@a8.net,Male,Indonesia
287,Mattheus,Hammon,mhammon7y@bandcamp.com,Male,Japan
288,Darrick,Salery,dsalery7z@cbsnews.com,Bigender,Indonesia
289,Jemima,Stanyon,jstanyon80@phoca.cz,Female,China
290,Gayel,Stangoe,gstangoe81@a8.net,Female,Thailand
291,Allyn,Oakenford,aoakenford82@berkeley.edu,Female,China
292,Dorree,Simonyi,dsimonyi83@ow.ly,Female,Indonesia
293,Addy,Dormon,adormon84@github.com,Female,Indonesia
294,Gerianna,Cumpton,gcumpton85@aboutads.info,Female,China
295,Langston,Engall,lengall86@e-recht24.de,Male,China
296,Coral,Colles,ccolles87@yellowbook.com,Female,China
297,See,Faireclough,sfaireclough88@cyberchimps.com,Non-binary,Indonesia
298,Damara,Fortune,dfortune89@merriam-webster.com,Female,China
299,Lesley,Housbey,lhousbey8a@ow.ly,Female,China
300,Jesus,Nail,jnail8b@sbwire.com,Male,China
301,Muire,Fontaine,mfontaine8c@hibu.com,Female,Indonesia
302,Claus,Pleven,cpleven8d@exblog.jp,Male,China
303,Rosmunda,Linford,rlinford8e@unc.edu,Female,Indonesia
304,Amelita,Faulkener,afaulkener8f@edublogs.org,Female,China
305,Claudine,Waddilow,cwaddilow8g@hp.com,Female,China
306,Darrelle,Storres,dstorres8h@soundcloud.com,Female,China
307,Kayla,Adame,kadame8i@amazon.co.uk,Female,China
308,Micah,Suttaby,msuttaby8j@bloomberg.com,Male,China
309,Hadley,Pfiffer,hpfiffer8k@cnn.com,Male,Japan
310,Solly,Whitcomb,swhitcomb8l@tripadvisor.com,Male,China
311,Rafaellle,Acklands,racklands8m@alibaba.com,Male,China
312,Steven,Mulvenna,smulvenna8n@ox.ac.uk,Male,China
313,Ciel,Golightly,cgolightly8o@buzzfeed.com,Female,Malaysia
314,Tara,Hallaways,thallaways8p@weather.com,Female,Japan
315,Loralyn,Machent,lmachent8q@engadget.com,Female,Indonesia
316,Alyssa,Axtonne,aaxtonne8r@instagram.com,Female,China
317,Bertina,Malletratt,bmalletratt8s@youtu.be,Female,China
318,Paulina,Thomazet,pthomazet8t@symantec.com,Female,Vietnam
319,Wanda,Hurkett,whurkett8u@macromedia.com,Female,China
320,Tandie,Pamphilon,tpamphilon8v@icio.us,Female,China
321,Eileen,Maskelyne,emaskelyne8w@answers.com,Female,China
322,Milli,Hursey,mhursey8x@nifty.com,Polygender,Vietnam
323,Lorita,Janicek,ljanicek8y@ifeng.com,Female,China
324,Laurel,Wabersich,lwabersich8z@telegraph.co.uk,Female,Indonesia
325,Prentiss,Petch,ppetch90@seattletimes.com,Male,China
326,Reeta,Kliement,rkliement91@opera.com,Female,Japan
327,Artus,Ends,aends92@google.fr,Male,Thailand
328,Rodolph,Benezet,rbenezet93@cnet.com,Male,China
329,Crissy,Soda,csoda94@chronoengine.com,Female,Japan
330,Evyn,Dee,edee95@marriott.com,Male,China
331,Krystal,Capaldo,kcapaldo96@businesswire.com,Female,China
332,Karlan,McBeath,kmcbeath97@zdnet.com,Male,China
333,Frank,Acreman,facreman98@e-recht24.de,Male,Indonesia
334,Thatcher,Kryska,tkryska99@constantcontact.com,Non-binary,Indonesia
335,Etheline,Haet,ehaet9a@house.gov,Female,China
336,Chicky,Stredder,cstredder9b@illinois.edu,Male,China
337,Collie,Kingman,ckingman9c@sciencedaily.com,Female,China
338,Dulciana,Seakes,dseakes9d@123-reg.co.uk,Female,Indonesia
339,Beau,Ilchenko,bilchenko9e@mail.ru,Male,Indonesia
340,Hirsch,Caveney,hcaveney9f@yahoo.com,Male,China
341,Felicio,Gudyer,fgudyer9g@rambler.ru,Male,China
342,Esme,St. Hill,esthill9h@cbslocal.com,Male,Japan
343,Giffer,Hamper,ghamper9i@umich.edu,Male,Malaysia
344,Kenon,Saywell,ksaywell9j@guardian.co.uk,Male,China
345,Gleda,Cosbey,gcosbey9k@meetup.com,Genderfluid,China
346,Fania,Braisher,fbraisher9l@opera.com,Female,China
347,Raleigh,Estick,restick9m@illinois.edu,Male,Indonesia
348,Leicester,Yeowell,lyeowell9n@ucoz.ru,Male,China
349,Marigold,Spears,mspears9o@fda.gov,Female,China
350,Caresse,Boosey,cboosey9p@indiatimes.com,Female,Japan
351,Reinhold,Sunners,rsunners9q@usnews.com,Male,China
352,Terrel,Mousley,tmousley9r@gravatar.com,Male,China
353,Brockie,Greener,bgreener9s@cdbaby.com,Male,China
354,Alidia,Livings,alivings9t@mysql.com,Female,Indonesia
355,Brockie,Emig,bemig9u@jimdo.com,Bigender,China
356,Winnah,Flather,wflather9v@typepad.com,Female,Indonesia
357,Tulley,Gilhoolie,tgilhoolie9w@wikipedia.org,Male,Indonesia
358,Rolando,Dowyer,rdowyer9x@theguardian.com,Male,Indonesia
359,Loria,Awin,lawin9y@cdbaby.com,Female,Indonesia
360,Rachael,Twiggs,rtwiggs9z@elegantthemes.com,Female,Indonesia
361,Tawsha,Jirsa,tjirsaa0@independent.co.uk,Female,Indonesia
362,Angela,Lansdale,alansdalea1@geocities.com,Female,China
363,Haroun,Dysert,hdyserta2@gizmodo.com,Male,Indonesia
364,Huntley,Knox,hknoxa3@lulu.com,Male,China
365,Raimund,Passfield,rpassfielda4@unc.edu,Male,China
366,Marchall,Pawelec,mpaweleca5@skyrock.com,Male,China
367,Ashil,Gohn,agohna6@arizona.edu,Female,China
368,Drusilla,Emmet,demmeta7@intel.com,Female,Indonesia
369,Tonya,Rhymes,trhymesa8@forbes.com,Female,China
370,Ruddy,Yurevich,ryurevicha9@reverbnation.com,Male,China
371,Gasparo,Perutto,gperuttoaa@nature.com,Male,China
372,Salli,Owbridge,sowbridgeab@altervista.org,Female,Indonesia
373,Jacob,Presnail,jpresnailac@cpanel.net,Male,Indonesia
374,Neda,Studders,nstuddersad@blogs.com,Female,China
375,Frederica,Chrismas,fchrismasae@parallels.com,Female,China
376,Florinda,Antoniazzi,fantoniazziaf@npr.org,Female,Indonesia
377,Jada,Guswell,jguswellag@nytimes.com,Female,China
378,Carmen,Malamore,cmalamoreah@wired.com,Genderfluid,Indonesia
379,Rouvin,Fishby,rfishbyai@usa.gov,Male,China
380,Amberly,Ivanyukov,aivanyukovaj@chicagotribune.com,Female,China
381,Biddy,Stilgoe,bstilgoeak@plala.or.jp,Female,China
382,Corney,Okker,cokkeral@businessinsider.com,Male,China
383,Deana,Kettles,dkettlesam@e-recht24.de,Female,China
384,Byran,Denington,bdeningtonan@last.fm,Male,Indonesia
385,Mathe,Foran,mforanao@mysql.com,Male,China
386,Hilda,Grey,hgreyap@mozilla.org,Female,Indonesia
387,Ellerey,Gayther,egaytheraq@slate.com,Male,China
388,Elisha,Bedinham,ebedinhamar@newsvine.com,Male,Indonesia
389,Adria,Connikie,aconnikieas@altervista.org,Female,China
390,Rhodia,Bolens,rbolensat@w3.org,Female,China
391,Wilek,Philippou,wphilippouau@ucoz.com,Male,China
392,Peta,Horning,phorningav@seattletimes.com,Female,Indonesia
393,Liane,Queripel,lqueripelaw@nifty.com,Female,Indonesia
394,Magnum,Kencott,mkencottax@weather.com,Male,Indonesia
395,Hilliary,Muneely,hmuneelyay@dedecms.com,Female,Indonesia
396,Ddene,Tamburi,dtamburiaz@mozilla.com,Genderqueer,China
397,Parry,Whate,pwhateb0@aboutads.info,Male,Thailand
398,Lew,Varsey,lvarseyb1@state.gov,Male,China
399,Estrellita,Grandison,egrandisonb2@pagesperso-orange.fr,Female,China
400,Fritz,Lorraway,florrawayb3@china.com.cn,Male,China
401,Charil,Janiak,cjaniakb4@latimes.com,Female,Indonesia
402,Della,Adriaens,dadriaensb5@artisteer.com,Female,Indonesia
403,Lodovico,Beament,lbeamentb6@cnn.com,Genderqueer,Indonesia
404,Juliet,McCreagh,jmccreaghb7@jugem.jp,Female,Thailand
405,Rodie,Buterton,rbutertonb8@engadget.com,Female,Japan
406,Sonnie,Youthed,syouthedb9@sourceforge.net,Male,China
407,Ardisj,Heinzel,aheinzelba@cnn.com,Female,China
408,Caldwell,Collinge,ccollingebb@netscape.com,Male,China
409,Becca,Greson,bgresonbc@dion.ne.jp,Female,Indonesia
410,Kain,Attwell,kattwellbd@hao123.com,Male,Thailand
411,Denney,Tague,dtaguebe@microsoft.com,Male,Japan
412,Alysia,Leming,alemingbf@comsenz.com,Female,China
413,Salem,De Francisci,sdefranciscibg@acquirethisname.com,Male,Indonesia
414,Marjie,Beaconsall,mbeaconsallbh@tumblr.com,Female,Indonesia
415,Gordon,Aspinall,gaspinallbi@xinhuanet.com,Male,Thailand
416,Corney,Izzat,cizzatbj@wix.com,Male,China
417,Brigida,Comiam,bcomiambk@chron.com,Female,China
418,Tristan,Jeakins,tjeakinsbl@ebay.com,Male,Indonesia
419,Jarrett,Peacher,jpeacherbm@studiopress.com,Male,Indonesia
420,Janette,Mendoza,jmendozabn@lycos.com,Non-binary,Indonesia
421,Mattie,Jacobssen,mjacobssenbo@salon.com,Female,Indonesia
422,Karry,Donnelly,kdonnellybp@jalbum.net,Female,Vietnam
423,Gavra,Tellwright,gtellwrightbq@marriott.com,Female,China
424,Imelda,Maskew,imaskewbr@pbs.org,Female,Japan
425,Kirsti,Gallop,kgallopbs@google.fr,Female,Thailand
426,Annamarie,Goude,agoudebt@instagram.com,Female,China
427,Melly,Bullard,mbullardbu@bigcartel.com,Female,Indonesia
428,Michal,Ricold,mricoldbv@tinyurl.com,Male,Indonesia
429,Aldric,Cornish,acornishbw@uiuc.edu,Male,Indonesia
430,Cully,Woolfoot,cwoolfootbx@fda.gov,Male,China
431,Letisha,Pakeman,lpakemanby@amazon.co.jp,Female,Indonesia
432,Baxy,Skitch,bskitchbz@blogtalkradio.com,Male,China
433,Starr,Larcher,slarcherc0@hexun.com,Female,China
434,Alwyn,Codi,acodic1@statcounter.com,Male,Indonesia
435,Suki,Tullis,stullisc2@archive.org,Female,China
436,Dyna,Danell,ddanellc3@barnesandnoble.com,Female,Indonesia
437,Jonell,Lorkings,jlorkingsc4@smh.com.au,Female,China
438,Coop,Ozanne,cozannec5@wikimedia.org,Male,China
439,Adelice,Tant,atantc6@mtv.com,Female,Indonesia
440,Durant,Ropars,droparsc7@hud.gov,Male,China
441,Gustavo,Klisch,gklischc8@arstechnica.com,Male,China
442,Rois,Zanardii,rzanardiic9@google.es,Female,China
443,Harli,Stapleford,hstaplefordca@salon.com,Female,Indonesia
444,Maurice,Giacomucci,mgiacomuccicb@mail.ru,Male,China
445,Felice,Fusedale,ffusedalecc@army.mil,Male,China
446,Jonie,Dugald,jdugaldcd@cnn.com,Female,Indonesia
447,Cassondra,Janzen,cjanzence@google.com.hk,Female,China
448,Rogers,Ullyatt,rullyattcf@sitemeter.com,Male,Thailand
449,Shelley,Hillborne,shillbornecg@weebly.com,Female,Indonesia
450,Berton,Turpin,bturpinch@icq.com,Male,China
451,Brucie,Fincham,bfinchamci@mapquest.com,Male,Indonesia
452,Janek,Lenahan,jlenahancj@abc.net.au,Male,China
453,Rutger,Segrott,rsegrottck@lulu.com,Male,China
454,Rakel,Freezor,rfreezorcl@printfriendly.com,Female,Indonesia
455,Siward,Waterfield,swaterfieldcm@diigo.com,Male,Indonesia
456,Sigismundo,Fabri,sfabricn@wordpress.org,Male,China
457,Tanitansy,Sheriff,tsheriffco@domainmarket.com,Female,Japan
458,Jacqueline,Oosthout de Vree,joosthoutdevreecp@jalbum.net,Female,China
459,Aretha,Engel,aengelcq@mac.com,Female,China
460,Owen,Landsborough,olandsboroughcr@google.es,Male,South Korea
461,Tuckie,Myhan,tmyhancs@trellian.com,Male,China
462,Rozamond,Muscat,rmuscatct@symantec.com,Genderfluid,China
463,Urson,Abdon,uabdoncu@biblegateway.com,Male,Indonesia
464,Shelden,Van Leijs,svanleijscv@mlb.com,Male,Indonesia
465,Ripley,O'Cannan,rocannancw@cyberchimps.com,Male,China
466,Karlik,Lanphere,klanpherecx@dmoz.org,Male,China
467,Pryce,Lethlay,plethlaycy@sciencedirect.com,Genderfluid,China
468,Damiano,Pechacek,dpechacekcz@springer.com,Male,Indonesia
469,Yurik,Wensley,ywensleyd0@godaddy.com,Male,Indonesia
470,Richie,Small,rsmalld1@wordpress.org,Male,China
471,Chadd,Fouracres,cfouracresd2@walmart.com,Male,China
472,Cecilia,Rochell,crochelld3@kickstarter.com,Female,China
473,Alva,Penner,apennerd4@usgs.gov,Agender,China
474,Sholom,Cogdell,scogdelld5@cbsnews.com,Male,China
475,Anissa,Kilfeather,akilfeatherd6@blogtalkradio.com,Female,China
476,Germain,Castaner,gcastanerd7@cam.ac.uk,Male,China
477,Cecile,Tacon,ctacond8@webmd.com,Female,China
478,Damian,Blacklawe,dblacklawed9@ovh.net,Male,Indonesia
479,Chrystal,Brabon,cbrabonda@biglobe.ne.jp,Female,China
480,Irvine,Gearing,igearingdb@goodreads.com,Male,Indonesia
481,Agata,Allix,aallixdc@google.com.br,Female,Indonesia
482,Ellwood,Cuthbert,ecuthbertdd@1und1.de,Male,China
483,Brook,Pottes,bpottesde@google.ca,Male,China
484,Baxy,Marlen,bmarlendf@storify.com,Male,Indonesia
485,Darcee,Vasyushkhin,dvasyushkhindg@chronoengine.com,Female,China
486,Leanor,Minillo,lminillodh@scientificamerican.com,Female,Indonesia
487,Donnie,Rottger,drottgerdi@harvard.edu,Female,Indonesia
488,Randie,Skala,rskaladj@noaa.gov,Male,Indonesia
489,Bendix,Chrichton,bchrichtondk@youtube.com,Male,China
490,Jesus,Tupman,jtupmandl@ft.com,Male,China
491,Tailor,Mulcahy,tmulcahydm@tinypic.com,Male,China
492,Mick,Minker,mminkerdn@baidu.com,Male,China
493,Freddi,Bourner,fbournerdo@washington.edu,Bigender,Indonesia
494,Stacee,Woolen,swoolendp@rediff.com,Genderqueer,China
495,Elana,Schirach,eschirachdq@behance.net,Female,China
496,Leilah,Cardillo,lcardillodr@purevolume.com,Female,Malaysia
497,Peadar,Barrell,pbarrellds@telegraph.co.uk,Male,Indonesia
498,Julita,Suddards,jsuddardsdt@livejournal.com,Female,Japan
499,Pryce,Larham,plarhamdu@360.cn,Male,Indonesia
500,Cassie,Strephan,cstrephandv@si.edu,Male,Indonesia
501,Michell,Turley,mturleydw@purevolume.com,Female,China
502,Dottie,Storr,dstorrdx@wordpress.com,Female,China
503,Cosimo,Weare,cwearedy@yellowpages.com,Male,China
504,Anne-corinne,Bittleson,abittlesondz@timesonline.co.uk,Female,Vietnam
505,Roger,Desaur,rdesaure0@archive.org,Male,China
506,Cross,Kondrat,ckondrate1@macromedia.com,Male,China
507,Silvana,Jedrzejewicz,sjedrzejewicze2@nyu.edu,Bigender,Indonesia
508,Salaidh,Mabson,smabsone3@boston.com,Female,China
509,Jeremie,Caukill,jcaukille4@dropbox.com,Male,China
510,Josh,Saggs,jsaggse5@shinystat.com,Male,Indonesia
511,Frannie,Darkins,fdarkinse6@infoseek.co.jp,Female,Vietnam
512,Neysa,Sedcole,nsedcolee7@skype.com,Non-binary,Indonesia
513,Conroy,Gradwell,cgradwelle8@gov.uk,Male,China
514,Afton,Biggins,abigginse9@ibm.com,Female,Indonesia
515,Mohandis,De Domenicis,mdedomenicisea@edublogs.org,Male,China
516,Winfield,Antecki,wanteckieb@gizmodo.com,Male,Indonesia
517,Irma,Stalley,istalleyec@umn.edu,Genderqueer,Indonesia
518,Mia,Ryall,mryalled@purevolume.com,Female,China
519,Walliw,Hrycek,whrycekee@theglobeandmail.com,Female,Indonesia
520,Margarethe,Grahlmans,mgrahlmansef@php.net,Female,China
521,Wit,Easum,weasumeg@timesonline.co.uk,Male,China
522,Abel,Bavridge,abavridgeeh@123-reg.co.uk,Male,Japan
523,Nadiya,Gabel,ngabelei@japanpost.jp,Female,China
524,Yancy,Langforth,ylangforthej@archive.org,Male,Indonesia
525,Christyna,Abbot,cabbotek@skype.com,Polygender,Thailand
526,Clim,Highwood,chighwoodel@arizona.edu,Male,Indonesia
527,Kiersten,Gray,kgrayem@spiegel.de,Genderqueer,China
528,Ealasaid,Sikorski,esikorskien@dropbox.com,Female,Indonesia
529,Eben,Tinker,etinkereo@xinhuanet.com,Male,China
530,Harlen,Gout,hgoutep@slashdot.org,Bigender,China
531,Jazmin,Tax,jtaxeq@google.fr,Female,China
532,Selestina,Roselli,srosellier@studiopress.com,Female,Indonesia
533,Tomaso,Le Provost,tleprovostes@sciencedirect.com,Genderqueer,Indonesia
534,Danyette,Spinks,dspinkset@woothemes.com,Female,China
535,Zonda,Peskin,zpeskineu@dot.gov,Female,China
536,Carlyn,Gerrans,cgerransev@phoca.cz,Female,Indonesia
537,Arley,Mongain,amongainew@biblegateway.com,Male,China
538,Mariejeanne,Charville,mcharvilleex@hao123.com,Female,China
539,Jo ann,Emblin,jembliney@cafepress.com,Female,China
540,Rourke,Sifleet,rsifleetez@guardian.co.uk,Male,Thailand
541,Tabbi,Josipovitz,tjosipovitzf0@51.la,Female,China
542,Andre,Tomsett,atomsettf1@hatena.ne.jp,Male,China
543,Clyve,Skellen,cskellenf2@princeton.edu,Male,Thailand
544,Meir,Lowne,mlownef3@gmpg.org,Male,Indonesia
545,Parnell,Melling,pmellingf4@barnesandnoble.com,Male,Japan
546,Haven,Lucius,hluciusf5@sbwire.com,Male,Japan
547,Jenilee,Borman,jbormanf6@google.co.jp,Female,China
548,Robin,Fealty,rfealtyf7@sogou.com,Male,Indonesia
549,Jeno,Pickett,jpickettf8@theglobeandmail.com,Male,Indonesia
550,Weston,Betteridge,wbetteridgef9@umn.edu,Male,Indonesia
551,Penn,Slyford,pslyfordfa@eventbrite.com,Male,China
552,Jolee,Maving,jmavingfb@godaddy.com,Female,Thailand
553,Rand,Sisnett,rsisnettfc@sohu.com,Male,China
554,Shandie,Janauschek,sjanauschekfd@hud.gov,Female,Indonesia
555,Leia,Starte,lstartefe@abc.net.au,Female,Indonesia
556,Delmer,Collyer,dcollyerff@vkontakte.ru,Genderqueer,China
557,Berti,Teanby,bteanbyfg@yale.edu,Female,Indonesia
558,Justinian,Spirit,jspiritfh@home.pl,Male,China
559,Fleming,Moralee,fmoraleefi@exblog.jp,Male,China
560,Fernande,Tinniswood,ftinniswoodfj@stanford.edu,Female,China
561,Egor,Daniell,edaniellfk@google.co.jp,Male,Indonesia
562,Muire,Prosser,mprosserfl@amazonaws.com,Genderqueer,Indonesia
563,Evelina,Glasspool,eglasspoolfm@hao123.com,Polygender,Indonesia
564,Benjie,McVrone,bmcvronefn@theglobeandmail.com,Male,China
565,Aldwin,Mewes,amewesfo@sciencedaily.com,Male,Indonesia
566,Gina,Ivashkov,givashkovfp@gravatar.com,Female,Japan
567,Raven,Gorse,rgorsefq@smugmug.com,Female,China
568,Addy,Dixson,adixsonfr@jugem.jp,Polygender,Indonesia
569,Jade,McQuaker,jmcquakerfs@smh.com.au,Female,China
570,Denny,Sorensen,dsorensenft@bandcamp.com,Male,Indonesia
571,Maddi,Cubbini,mcubbinifu@google.nl,Female,China
572,Craig,Atack,catackfv@sina.com.cn,Male,Indonesia
573,Tailor,Cakes,tcakesfw@storify.com,Male,China
574,Jodie,McDougal,jmcdougalfx@webmd.com,Male,Thailand
575,Maury,Geerling,mgeerlingfy@i2i.jp,Male,Japan
576,Peggy,Biers,pbiersfz@toplist.cz,Bigender,China
577,Leif,Hathwood,lhathwoodg0@mtv.com,Male,China
578,Darda,Hepher,dhepherg1@phpbb.com,Female,China
579,Emylee,Wield,ewieldg2@360.cn,Female,China
580,Chloe,Kingsford,ckingsfordg3@skyrock.com,Bigender,Thailand
581,Robby,Pettendrich,rpettendrichg4@dell.com,Female,China
582,James,Smithers,jsmithersg5@pinterest.com,Male,Indonesia
583,Barclay,Pocklington,bpocklingtong6@loc.gov,Male,China
584,Clemmie,Doulton,cdoultong7@sphinn.com,Polygender,China
585,Fay,Stirton,fstirtong8@apache.org,Female,China
586,Kiri,Cattanach,kcattanachg9@foxnews.com,Female,Indonesia
587,Geoffrey,Pedroli,gpedroliga@europa.eu,Male,China
588,Arline,Cribbins,acribbinsgb@aol.com,Genderqueer,Japan
589,Averell,MacNeilly,amacneillygc@va.gov,Male,China
590,Boy,Brundrett,bbrundrettgd@chronoengine.com,Male,Thailand
591,Roderigo,Spencook,rspencookge@list-manage.com,Male,China
592,Danit,Caskey,dcaskeygf@freewebs.com,Female,Indonesia
593,Jamesy,Haggerwood,jhaggerwoodgg@pcworld.com,Male,Vietnam
594,Baxter,Barwack,bbarwackgh@statcounter.com,Male,Indonesia
595,Bob,Andress,bandressgi@discovery.com,Male,Vietnam
596,Drugi,Cribbin,dcribbingj@jigsy.com,Male,Indonesia
597,Lemmie,Roisen,lroisengk@apple.com,Agender,China
598,Meredithe,Carmont,mcarmontgl@cyberchimps.com,Female,China
599,Paddy,Cleveland,pclevelandgm@bloglovin.com,Male,Indonesia
600,Penrod,Simkin,psimkingn@seesaa.net,Male,China
601,Lucian,Badman,lbadmango@whitehouse.gov,Male,Japan
602,Basile,Innot,binnotgp@dailymotion.com,Male,China
603,Ivette,Sappell,isappellgq@google.it,Female,China
604,Eben,Beauvais,ebeauvaisgr@ca.gov,Male,China
605,Cloe,Greguoli,cgreguoligs@addtoany.com,Female,China
606,Bryn,Hek,bhekgt@craigslist.org,Male,China
607,Karlik,Casillis,kcasillisgu@youku.com,Male,Indonesia
608,Willamina,Bathurst,wbathurstgv@sphinn.com,Female,China
609,Loydie,Gatfield,lgatfieldgw@smh.com.au,Polygender,China
610,Rip,Bricklebank,rbricklebankgx@yahoo.co.jp,Male,Indonesia
611,Frazer,Messager,fmessagergy@people.com.cn,Agender,China
612,Judye,MacGoun,jmacgoungz@pbs.org,Female,China
613,Kiley,Garrity,kgarrityh0@whitehouse.gov,Female,China
614,Sally,Bernardeschi,sbernardeschih1@columbia.edu,Bigender,China
615,Wylie,Chasmar,wchasmarh2@europa.eu,Male,Japan
616,Keefer,McCaffery,kmccafferyh3@bloglovin.com,Genderqueer,China
617,Frederick,Rowlinson,frowlinsonh4@e-recht24.de,Male,China
618,Padgett,Dickey,pdickeyh5@arizona.edu,Male,China
619,Michell,Glasebrook,mglasebrookh6@theatlantic.com,Female,Japan
620,Roseann,O'Shevlin,roshevlinh7@opensource.org,Female,China
621,Goldie,Joslin,gjoslinh8@sphinn.com,Female,China
622,Helen,Adderley,hadderleyh9@archive.org,Female,China
623,Ebba,Bishell,ebishellha@harvard.edu,Non-binary,China
624,Imojean,Muzzini,imuzzinihb@forbes.com,Female,Indonesia
625,Kevin,Brogini,kbroginihc@google.ca,Male,Indonesia
626,Faye,Haggeth,fhaggethhd@biglobe.ne.jp,Female,Vietnam
627,Leigh,Jessard,ljessardhe@blog.com,Male,Indonesia
628,Bartholomeus,Masi,bmasihf@moonfruit.com,Polygender,China
629,Lief,De Francisci,ldefranciscihg@tiny.cc,Male,China
630,Ike,Maitland,imaitlandhh@youtu.be,Male,China
631,Giovanna,MacKenney,gmackenneyhi@google.com.hk,Polygender,Indonesia
632,Elinor,Braun,ebraunhj@ustream.tv,Female,China
633,Carling,Sauven,csauvenhk@histats.com,Male,Indonesia
634,Jacob,Knighton,jknightonhl@delicious.com,Male,Indonesia
635,Lazar,Latey,llateyhm@tmall.com,Male,Indonesia
636,Darbie,Harmes,dharmeshn@usa.gov,Female,Indonesia
637,Tybi,Bleasdale,tbleasdaleho@theatlantic.com,Female,China
638,Boycey,Beminster,bbeminsterhp@oakley.com,Male,Indonesia
639,Gustavus,McCrainor,gmccrainorhq@biblegateway.com,Male,China
640,Clarence,Ding,cdinghr@spiegel.de,Male,Indonesia
641,Rani,Cathcart,rcathcarths@devhub.com,Female,China
642,Timmie,Slides,tslidesht@ask.com,Male,China
643,Renaud,Elmore,relmorehu@barnesandnoble.com,Male,China
644,Rochette,Lawtie,rlawtiehv@amazonaws.com,Female,Japan
645,Jocko,MacPake,jmacpakehw@marriott.com,Male,Malaysia
646,Derick,Drewery,ddreweryhx@flavors.me,Male,China
647,Anthony,Lippo,alippohy@cdbaby.com,Male,China
648,Nikaniki,Hallatt,nhallatthz@symantec.com,Bigender,Indonesia
649,Pinchas,Rutherford,prutherfordi0@sina.com.cn,Male,China
650,Clem,Hand,chandi1@cocolog-nifty.com,Male,Indonesia
651,Binky,Kenna,bkennai2@hubpages.com,Male,China
652,Kelsi,Shearer,ksheareri3@wordpress.com,Female,Indonesia
653,Isaak,Bromell,ibromelli4@ning.com,Male,China
654,Jamesy,Migheli,jmighelii5@networksolutions.com,Male,Malaysia
655,Hansiain,Jertz,hjertzi6@wunderground.com,Male,Thailand
656,Ashil,Kingdom,akingdomi7@whitehouse.gov,Female,Indonesia
657,Holly,Skyner,hskyneri8@berkeley.edu,Male,China
658,Idette,Hammersley,ihammersleyi9@biblegateway.com,Female,Vietnam
659,Crissie,Airth,cairthia@imdb.com,Female,China
660,Theo,Ingarfill,tingarfillib@zimbio.com,Female,China
661,Gene,Espinoza,gespinozaic@google.com.au,Female,China
662,Corilla,Axtell,caxtellid@wikimedia.org,Female,Indonesia
663,Nealy,Bloom,nbloomie@plala.or.jp,Male,China
664,Thalia,Jeff,tjeffif@wikia.com,Female,Indonesia
665,Bunnie,McPheat,bmcpheatig@behance.net,Agender,North Korea
666,Roosevelt,Denzey,rdenzeyih@stanford.edu,Male,Indonesia
667,Andria,Atwell,aatwellii@house.gov,Female,China
668,Marwin,Gyngyll,mgyngyllij@nsw.gov.au,Male,Thailand
669,Tamara,Capaldi,tcapaldiik@altervista.org,Female,China
670,Oralia,Van der Spohr,ovanderspohril@archive.org,Female,Indonesia
671,Bernadene,Rodinger,brodingerim@telegraph.co.uk,Female,China
672,Pet,Basset,pbassetin@usgs.gov,Female,China
673,Hasty,Le Marchand,hlemarchandio@godaddy.com,Male,Malaysia
674,Lorrayne,Ruff,lruffip@w3.org,Female,Indonesia
675,Lazarus,Barreau,lbarreauiq@networksolutions.com,Male,China
676,Gabriello,Jannaway,gjannawayir@plala.or.jp,Male,China
677,Giles,Pourvoieur,gpourvoieuris@live.com,Male,China
678,Darcie,Emberton,dembertonit@fotki.com,Female,Indonesia
679,Nevile,Ferriday,nferridayiu@mysql.com,Non-binary,China
680,Elwin,Loder,eloderiv@rakuten.co.jp,Male,Indonesia
681,Datha,McAndie,dmcandieiw@about.me,Female,China
682,Joshia,Scrymgeour,jscrymgeourix@opera.com,Male,China
683,Ertha,Smallpeice,esmallpeiceiy@reuters.com,Female,China
684,Sofie,Joist,sjoistiz@disqus.com,Female,Thailand
685,Graeme,Skakunas,gskakunasj0@bigcartel.com,Male,China
686,Valaria,Possell,vpossellj1@aol.com,Bigender,Indonesia
687,Flossie,Cohalan,fcohalanj2@nymag.com,Female,China
688,Sander,Dawkes,sdawkesj3@mit.edu,Male,Indonesia
689,Everett,Jacson,ejacsonj4@deviantart.com,Male,Vietnam
690,Ronnie,McGlew,rmcglewj5@japanpost.jp,Male,China
691,Othilie,Ahearne,oahearnej6@aol.com,Female,Indonesia
692,Halsey,Braund,hbraundj7@weebly.com,Male,Malaysia
693,Norman,Bleesing,nbleesingj8@businessinsider.com,Bigender,Japan
694,Flora,Seiffert,fseiffertj9@diigo.com,Female,Japan
695,Melony,De-Ville,mdevilleja@a8.net,Female,China
696,Dante,Corteney,dcorteneyjb@gravatar.com,Male,Indonesia
697,Jake,Zorro,jzorrojc@naver.com,Male,Indonesia
698,Courtnay,Ollivier,collivierjd@latimes.com,Male,China
699,Nessy,Purton,npurtonje@google.de,Female,China
700,Filippa,Barta,fbartajf@mediafire.com,Female,China
701,Arline,Conman,aconmanjg@mail.ru,Female,Indonesia
702,Karee,Corey,kcoreyjh@hugedomains.com,Female,China
703,Cletus,Brydie,cbrydieji@state.tx.us,Male,China
704,Ronnie,Batie,rbatiejj@google.ru,Female,China
705,Stearne,Ervin,servinjk@paginegialle.it,Male,Indonesia
706,Bastian,Kerwen,bkerwenjl@pinterest.com,Agender,China
707,Marquita,Silliman,msillimanjm@google.nl,Female,China
708,Grethel,Latey,glateyjn@stanford.edu,Female,China
709,Chester,MacGibbon,cmacgibbonjo@fda.gov,Genderfluid,China
710,Aimil,Warrick,awarrickjp@google.it,Female,China
711,Ulick,Morman,umormanjq@merriam-webster.com,Male,China
712,Nilson,Vickar,nvickarjr@weather.com,Bigender,Vietnam
713,Ruthy,Edson,redsonjs@jimdo.com,Female,Thailand
714,Perla,Stothard,pstothardjt@ucoz.ru,Female,Indonesia
715,Cristiano,Wolfendell,cwolfendellju@ihg.com,Male,China
716,Ilyssa,Sturges,isturgesjv@shareasale.com,Female,China
717,Kathie,Collyear,kcollyearjw@goo.ne.jp,Female,China
718,Carlyle,Trembath,ctrembathjx@netscape.com,Male,China
719,Kris,Westfalen,kwestfalenjy@latimes.com,Male,Indonesia
720,Cleve,Kieran,ckieranjz@tuttocitta.it,Male,China
721,Kurt,Crim,kcrimk0@virginia.edu,Male,Malaysia
722,Ingmar,Cromack,icromackk1@multiply.com,Male,China
723,Joseph,Haryngton,jharyngtonk2@boston.com,Male,China
724,Darelle,Hasty,dhastyk3@wix.com,Female,Indonesia
725,Kennan,Davidofski,kdavidofskik4@163.com,Male,Indonesia
726,Raychel,Androlli,randrollik5@toplist.cz,Female,Japan
727,Catlin,Monini,cmoninik6@google.com,Female,China
728,Luciano,Carr,lcarrk7@independent.co.uk,Male,Vietnam
729,Fernando,Hands,fhandsk8@com.com,Male,Indonesia
730,Gasper,Falls,gfallsk9@wix.com,Male,China
731,Toddie,Stallwood,tstallwoodka@jalbum.net,Agender,China
732,Alexandre,Gorriessen,agorriessenkb@cnbc.com,Male,South Korea
733,Teresina,Profit,tprofitkc@bloglines.com,Female,China
734,Judd,Blumfield,jblumfieldkd@flickr.com,Male,Indonesia
735,Cassie,Cains,ccainske@yolasite.com,Female,China
736,Aubry,Maunsell,amaunsellkf@printfriendly.com,Female,Indonesia
737,Filberto,Nesby,fnesbykg@arstechnica.com,Male,China
738,Myron,Adanez,madanezkh@1und1.de,Male,Indonesia
739,Ferrell,Deaves,fdeaveski@blogs.com,Male,Indonesia
740,Daniela,Chavez,dchavezkj@omniture.com,Female,Indonesia
741,Albina,Stidever,astideverkk@networkadvertising.org,Female,Indonesia
742,Avery,Dotson,adotsonkl@whitehouse.gov,Male,Indonesia
743,Desmond,Lean,dleankm@sciencedirect.com,Male,Indonesia
744,Shanna,Ronan,sronankn@bloomberg.com,Female,China
745,Benoit,Tomini,btominiko@reference.com,Male,Indonesia
746,Mayor,Ferreiro,mferreirokp@amazon.com,Male,Indonesia
747,Roddy,Grouse,rgrousekq@tripadvisor.com,Male,China
748,Shelton,Stalf,sstalfkr@smugmug.com,Male,Indonesia
749,Kerry,Lambal,klambalks@google.co.uk,Female,China
750,Neils,Reburn,nreburnkt@printfriendly.com,Genderfluid,China
751,Arlyn,Pelos,apelosku@altervista.org,Female,China
752,Remus,Risman,rrismankv@blogs.com,Non-binary,Malaysia
753,Bernardina,Warden,bwardenkw@tmall.com,Female,Indonesia
754,Mitchell,Benedyktowicz,mbenedyktowiczkx@hud.gov,Non-binary,Indonesia
755,Catharina,Kas,ckasky@networkadvertising.org,Female,Japan
756,Hervey,Di Batista,hdibatistakz@scientificamerican.com,Male,Indonesia
757,Kassia,Vardon,kvardonl0@elpais.com,Bigender,China
758,Mary,de la Valette Parisot,mdelavaletteparisotl1@chronoengine.com,Female,Indonesia
759,Nyssa,Naish,nnaishl2@webeden.co.uk,Female,Indonesia
760,Susy,Stapleford,sstaplefordl3@goodreads.com,Female,Indonesia
761,Gaspard,Dumper,gdumperl4@princeton.edu,Male,China
762,Ernestine,Kenneway,ekennewayl5@biblegateway.com,Female,China
763,Annis,Jonsson,ajonssonl6@plala.or.jp,Female,China
764,Jordana,Peirson,jpeirsonl7@jiathis.com,Female,Malaysia
765,Tallia,Dimberline,tdimberlinel8@europa.eu,Female,China
766,Jerrilyn,Dalziel,jdalziell9@cnn.com,Agender,Indonesia
767,Gregg,Flintuff,gflintuffla@diigo.com,Male,China
768,Belita,Batman,bbatmanlb@yelp.com,Genderqueer,China
769,Barret,Bourgaize,bbourgaizelc@squidoo.com,Male,China
770,Colette,Brett,cbrettld@ftc.gov,Female,Indonesia
771,Aurelie,Hickinbottom,ahickinbottomle@cnn.com,Female,Thailand
772,Nevil,Lerer,nlererlf@meetup.com,Male,Indonesia
773,Karen,Longworth,klongworthlg@wunderground.com,Female,China
774,Kathi,Rolfs,krolfslh@cafepress.com,Polygender,China
775,Paula,Flather,pflatherli@webmd.com,Female,Indonesia
776,Pepito,Ashling,pashlinglj@mysql.com,Male,Indonesia
777,Linn,Gammade,lgammadelk@google.ca,Female,China
778,Timmy,Kemsley,tkemsleyll@photobucket.com,Female,Indonesia
779,Lind,Applin,lapplinlm@gizmodo.com,Male,China
780,Sallie,Cloy,scloyln@uol.com.br,Female,China
781,Hagan,Hyndman,hhyndmanlo@tuttocitta.it,Male,Indonesia
782,Cointon,Bafford,cbaffordlp@nsw.gov.au,Male,Indonesia
783,Silvanus,Trelevan,strelevanlq@chron.com,Male,China
784,Parrnell,McCallister,pmccallisterlr@imdb.com,Male,China
785,Barry,Lowthorpe,blowthorpels@ihg.com,Male,Indonesia
786,Erick,Batcock,ebatcocklt@technorati.com,Male,Indonesia
787,Page,MacAnelley,pmacanelleylu@phpbb.com,Female,Japan
788,Selby,Tripet,stripetlv@ucoz.com,Male,Indonesia
789,Weider,Norton,wnortonlw@gnu.org,Male,Indonesia
790,Giovanna,Milton-White,gmiltonwhitelx@reuters.com,Female,China
791,Fanchette,Ritson,fritsonly@de.vu,Agender,China
792,Niko,Daulton,ndaultonlz@upenn.edu,Male,Indonesia
793,Christoper,Abraham,cabrahamm0@facebook.com,Male,China
794,Bartie,Mott,bmottm1@sitemeter.com,Male,China
795,Valida,MacPhee,vmacpheem2@nationalgeographic.com,Female,China
796,Kaspar,Causon,kcausonm3@marriott.com,Male,Indonesia
797,Micheal,Strood,mstroodm4@fda.gov,Male,China
798,Ilyssa,Cesco,icescom5@joomla.org,Female,Vietnam
799,Marcus,Tilly,mtillym6@google.com.hk,Male,China
800,Lynsey,Clayson,lclaysonm7@ca.gov,Female,Indonesia
801,Alexandros,Sevier,asevierm8@forbes.com,Male,China
802,Renaldo,Lownie,rlowniem9@amazonaws.com,Male,China
803,Beilul,Malam,bmalamma@china.com.cn,Female,China
804,Scotti,Blitzer,sblitzermb@360.cn,Male,China
805,Panchito,Doherty,pdohertymc@google.com,Genderfluid,Indonesia
806,Nikolia,Copcote,ncopcotemd@wunderground.com,Female,Indonesia
807,Kareem,Pettisall,kpettisallme@harvard.edu,Male,China
808,Puff,Petrozzi,ppetrozzimf@weibo.com,Male,China
809,Nettle,Shills,nshillsmg@dell.com,Female,China
810,Helena,Huster,hhustermh@behance.net,Polygender,Indonesia
811,Marna,Stallan,mstallanmi@exblog.jp,Female,Indonesia
812,Rozalie,Westmoreland,rwestmorelandmj@ihg.com,Female,China
813,Boycie,Lipsett,blipsettmk@miibeian.gov.cn,Male,Indonesia
814,Berry,Rylands,brylandsml@arstechnica.com,Female,Japan
815,Amelie,Stokell,astokellmm@washingtonpost.com,Female,Japan
816,Lance,Baskeyfield,lbaskeyfieldmn@privacy.gov.au,Male,China
817,Merwin,Baser,mbasermo@trellian.com,Male,Indonesia
818,Reese,Cane,rcanemp@cbslocal.com,Male,China
819,Alvie,Knightsbridge,aknightsbridgemq@zdnet.com,Male,Indonesia
820,Kimmy,Hansel,khanselmr@google.co.uk,Female,Indonesia
821,Sacha,Trewman,strewmanms@xinhuanet.com,Female,China
822,Dyane,Golbourn,dgolbournmt@addtoany.com,Female,Vietnam
823,Carina,Choppin,cchoppinmu@diigo.com,Female,Indonesia
824,Lothaire,Parkes,lparkesmv@sfgate.com,Male,China
825,Armand,Jonke,ajonkemw@spotify.com,Male,China
826,Kattie,Favey,kfaveymx@soundcloud.com,Bigender,China
827,Stinky,Mcsarry,smcsarrymy@foxnews.com,Male,Thailand
828,Marcus,Greathead,mgreatheadmz@mtv.com,Male,China
829,Tabbitha,Izakov,tizakovn0@moonfruit.com,Female,Thailand
830,Angelo,Bousfield,abousfieldn1@examiner.com,Male,China
831,Xavier,Kettow,xkettown2@list-manage.com,Male,Indonesia
832,Happy,Ceci,hcecin3@bbb.org,Female,China
833,Barclay,Schelle,bschellen4@dmoz.org,Male,Vietnam
834,Aurthur,Skullet,askulletn5@salon.com,Male,China
835,Blondy,Kamenar,bkamenarn6@businesswire.com,Female,China
836,Helen,Windridge,hwindridgen7@zimbio.com,Female,China
837,Papageno,Mallock,pmallockn8@arstechnica.com,Male,Indonesia
838,Reagan,Harnett,rharnettn9@shinystat.com,Male,Indonesia
839,Penelope,Haveline,phavelinena@umn.edu,Female,Japan
840,Abbot,Kruger,akrugernb@paginegialle.it,Male,Indonesia
841,Tessy,List,tlistnc@soup.io,Female,Indonesia
842,Denis,Madeley,dmadeleynd@twitter.com,Male,Indonesia
843,Dewain,Powers,dpowersne@4shared.com,Male,China
844,Paolo,Croydon,pcroydonnf@parallels.com,Male,Indonesia
845,Ekaterina,MacPeice,emacpeiceng@live.com,Female,China
846,Corabella,Bruun,cbruunnh@google.cn,Female,China
847,Elliott,Benneyworth,ebenneyworthni@hp.com,Male,Indonesia
848,Clari,Weldon,cweldonnj@ask.com,Female,China
849,Letizia,Tibbles,ltibblesnk@hhs.gov,Female,China
850,Henka,Tremayne,htremaynenl@usgs.gov,Female,China
851,Annaliese,Slayford,aslayfordnm@thetimes.co.uk,Female,Indonesia
852,Wallis,Dufaur,wdufaurnn@lycos.com,Female,Indonesia
853,Carey,McGookin,cmcgookinno@ftc.gov,Female,China
854,Deena,Hucquart,dhucquartnp@domainmarket.com,Female,China
855,Michell,Stowgill,mstowgillnq@myspace.com,Female,China
856,Binky,Goldingay,bgoldingaynr@altervista.org,Male,China
857,Alard,Beneyto,abeneytons@scientificamerican.com,Male,Indonesia
858,Astra,Campaigne,acampaignent@nature.com,Female,China
859,Kirsteni,Mix,kmixnu@disqus.com,Polygender,China
860,Berkeley,Divver,bdivvernv@usnews.com,Male,China
861,Dominique,Arnett,darnettnw@51.la,Male,Indonesia
862,Hendrick,Harrop,hharropnx@phoca.cz,Male,China
863,Elsworth,Johnston,ejohnstonny@ocn.ne.jp,Male,China
864,Truman,Handes,thandesnz@accuweather.com,Male,Indonesia
865,Mercie,Lancetter,mlancettero0@vistaprint.com,Agender,China
866,Amery,Gothard,agothardo1@photobucket.com,Male,Indonesia
867,Rosalinda,Stroulger,rstroulgero2@privacy.gov.au,Female,Indonesia
868,Enoch,Paolo,epaoloo3@mozilla.org,Male,Indonesia
869,Alika,Stetson,astetsono4@cloudflare.com,Female,Indonesia
870,Maryanna,Portman,mportmano5@hubpages.com,Female,China
871,Berni,Grastye,bgrastyeo6@youtu.be,Female,Thailand
872,Ericha,Halliwell,ehalliwello7@smh.com.au,Female,China
873,Marshal,Allanby,mallanbyo8@illinois.edu,Male,China
874,Rossy,Jarrette,rjarretteo9@hostgator.com,Male,Indonesia
875,Ronny,Tett,rtettoa@deliciousdays.com,Female,Vietnam
876,Annissa,Hynam,ahynamob@goo.ne.jp,Female,China
877,Aarika,Clew,aclewoc@hhs.gov,Female,Japan
878,Orrin,Blaylock,oblaylockod@slashdot.org,Male,China
879,Base,Thornthwaite,bthornthwaiteoe@ameblo.jp,Male,China
880,Carissa,Dutteridge,cdutteridgeof@ezinearticles.com,Female,Indonesia
881,Jessika,Frend,jfrendog@wisc.edu,Female,China
882,Benedikt,Vivian,bvivianoh@si.edu,Male,China
883,Silvana,Oehme,soehmeoi@geocities.com,Female,China
884,Bethany,Licciardo,blicciardooj@g.co,Female,Indonesia
885,Lindsay,Dennerley,ldennerleyok@i2i.jp,Male,China
886,Xenia,Whitmarsh,xwhitmarshol@va.gov,Female,Indonesia
887,Hoebart,Brymham,hbrymhamom@cloudflare.com,Male,North Korea
888,Brandie,Brennen,bbrennenon@smugmug.com,Female,China
889,Dallas,Arkle,darkleoo@abc.net.au,Female,Indonesia
890,Madeleine,Clemenceau,mclemenceauop@ovh.net,Female,Indonesia
891,Margaux,Shakeshaft,mshakeshaftoq@cnn.com,Female,China
892,Doralin,Cotherill,dcotherillor@samsung.com,Female,Thailand
893,Edlin,Auger,eaugeros@microsoft.com,Male,Indonesia
894,Brody,Vidyapin,bvidyapinot@macromedia.com,Male,Indonesia
895,Cory,Alsopp,calsoppou@free.fr,Male,China
896,Renard,Tanman,rtanmanov@unblog.fr,Male,China
897,Celestyn,Parken,cparkenow@geocities.com,Female,China
898,Constantine,Dobson,cdobsonox@arstechnica.com,Female,Indonesia
899,Helene,Ganing,hganingoy@desdev.cn,Female,China
900,Elliott,Morehall,emorehalloz@alexa.com,Male,China
901,Linus,Rookeby,lrookebyp0@discuz.net,Male,China
902,Ker,Cristofolini,kcristofolinip1@privacy.gov.au,Male,Indonesia
903,Evania,Slaughter,eslaughterp2@so-net.ne.jp,Female,Japan
904,Stafani,Hazlehurst,shazlehurstp3@reverbnation.com,Female,China
905,Leoine,Perrelle,lperrellep4@icio.us,Female,China
906,Meghann,Seville,msevillep5@moonfruit.com,Female,Indonesia
907,Wolf,Magill,wmagillp6@oracle.com,Male,China
908,Ossie,Blamphin,oblamphinp7@cpanel.net,Male,China
909,Gustavus,Loughan,gloughanp8@gov.uk,Male,China
910,Lawton,Hoggan,lhogganp9@wired.com,Male,China
911,Patrice,Calles,pcallespa@umich.edu,Male,China
912,Tynan,Dexter,tdexterpb@theglobeandmail.com,Male,China
913,Heinrik,Yokelman,hyokelmanpc@github.com,Male,China
914,Mack,Desport,mdesportpd@thetimes.co.uk,Agender,Indonesia
915,Lucky,Scoterbosh,lscoterboshpe@over-blog.com,Female,China
916,Ephrem,Ludwig,eludwigpf@jalbum.net,Male,China
917,Claire,Aimson,caimsonpg@auda.org.au,Bigender,China
918,Gilburt,O'Dulchonta,godulchontaph@google.it,Male,Indonesia
919,Aleece,Arnaez,aarnaezpi@drupal.org,Female,China
920,Franny,Mooring,fmooringpj@cnn.com,Male,Indonesia
921,Andrei,Passler,apasslerpk@trellian.com,Polygender,China
922,Katya,Yosifov,kyosifovpl@themeforest.net,Female,China
923,Janel,Laurenceau,jlaurenceaupm@discuz.net,Female,China
924,Talyah,Wilkerson,twilkersonpn@histats.com,Female,China
925,Welsh,Fomichkin,wfomichkinpo@blogger.com,Male,China
926,Bar,Theriot,btheriotpp@mayoclinic.com,Male,Indonesia
927,Corette,Forsard,cforsardpq@epa.gov,Female,China
928,Pincus,Gaymar,pgaymarpr@webeden.co.uk,Genderfluid,Indonesia
929,Brandice,Georgi,bgeorgips@columbia.edu,Female,China
930,Letti,Hathwood,lhathwoodpt@desdev.cn,Polygender,China
931,Davida,Renish,drenishpu@delicious.com,Female,Indonesia
932,Cobby,Charlewood,ccharlewoodpv@scribd.com,Male,China
933,Claus,Dougherty,cdoughertypw@hp.com,Male,China
934,Curtice,Presho,cpreshopx@wp.com,Male,Indonesia
935,Agnes,Wabe,awabepy@ucsd.edu,Female,Indonesia
936,Hartley,Clappson,hclappsonpz@amazonaws.com,Agender,China
937,Wilie,Imison,wimisonq0@thetimes.co.uk,Female,Japan
938,Dayna,Paradise,dparadiseq1@kickstarter.com,Female,China
939,Janelle,Philippart,jphilippartq2@sciencedaily.com,Female,China
940,Kathye,O'Lunny,kolunnyq3@dailymail.co.uk,Female,Japan
941,Marve,Ducarne,mducarneq4@miibeian.gov.cn,Genderqueer,China
942,Ursuline,Laird,ulairdq5@mayoclinic.com,Female,Indonesia
943,Jens,Bakster,jbaksterq6@telegraph.co.uk,Male,China
944,Darb,Algy,dalgyq7@google.com.au,Male,China
945,Corbin,Gummary,cgummaryq8@archive.org,Male,China
946,Ira,Lardge,ilardgeq9@sfgate.com,Female,Indonesia
947,Nadya,Loton,nlotonqa@tiny.cc,Female,China
948,Nevile,Muneely,nmuneelyqb@behance.net,Male,China
949,Cliff,Connichie,cconnichieqc@yandex.ru,Male,China
950,Josee,Choake,jchoakeqd@nba.com,Female,China
951,Tadeo,Kennally,tkennallyqe@furl.net,Male,China
952,Lorry,Eldin,leldinqf@furl.net,Female,China
953,Carmencita,Franckton,cfrancktonqg@businesswire.com,Female,Indonesia
954,Terry,Froggatt,tfroggattqh@miibeian.gov.cn,Female,China
955,Devonna,Gilbard,dgilbardqi@prlog.org,Female,China
956,Bill,Layne,blayneqj@live.com,Female,China
957,Karl,Torel,ktorelqk@meetup.com,Male,China
958,Isaac,Alelsandrowicz,ialelsandrowiczql@npr.org,Male,China
959,Mel,Lissaman,mlissamanqm@disqus.com,Male,China
960,Fabio,Blindt,fblindtqn@friendfeed.com,Male,China
961,Noelyn,Bauchop,nbauchopqo@dell.com,Female,China
962,Ferrell,Belison,fbelisonqp@t.co,Male,Indonesia
963,Dun,Priver,dpriverqq@tripod.com,Male,China
964,Bethina,Brear,bbrearqr@freewebs.com,Female,China
965,Tabbie,Platts,tplattsqs@youku.com,Male,Indonesia
966,Maxie,Prendergrast,mprendergrastqt@google.com.br,Female,China
967,Garland,Heikkinen,gheikkinenqu@chronoengine.com,Female,Indonesia
968,Babbie,Kidney,bkidneyqv@nsw.gov.au,Female,China
969,Carlyn,Wear,cwearqw@mapy.cz,Female,Thailand
970,Shirleen,Allchin,sallchinqx@earthlink.net,Female,Indonesia
971,Lucky,Gretton,lgrettonqy@dmoz.org,Female,Indonesia
972,Sawyer,Udey,sudeyqz@comcast.net,Male,China
973,Atlanta,Gudeman,agudemanr0@epa.gov,Female,Indonesia
974,Lola,Horsey,lhorseyr1@vistaprint.com,Female,Indonesia
975,Corette,Gauche,cgaucher2@goo.gl,Female,China
976,Gustavus,Ivanitsa,givanitsar3@sina.com.cn,Male,Indonesia
977,Vinny,Feehily,vfeehilyr4@taobao.com,Female,China
978,Zonda,Fannon,zfannonr5@stanford.edu,Female,Indonesia
979,Vincents,Tolworth,vtolworthr6@bravesites.com,Male,Indonesia
980,Marijo,Whittek,mwhittekr7@ifeng.com,Female,China
981,Paxton,Imesson,pimessonr8@list-manage.com,Male,China
982,Brear,Shiers,bshiersr9@gizmodo.com,Female,China
983,Merry,Attride,mattridera@digg.com,Female,China
984,Oliy,Tynnan,otynnanrb@instagram.com,Female,China
985,Der,Salliere,dsalliererc@aboutads.info,Male,Indonesia
986,Stanford,Killoran,skilloranrd@pen.io,Male,Indonesia
987,Idell,Goodwyn,igoodwynre@fotki.com,Female,Thailand
988,Alaster,Eddie,aeddierf@webs.com,Male,China
989,Raul,Broz,rbrozrg@github.com,Male,China
990,Anton,Muscott,amuscottrh@woothemes.com,Male,China
991,Joelle,Adamek,jadamekri@altervista.org,Female,China
992,Elisabetta,Pladen,epladenrj@google.de,Female,China
993,Barbee,Sawdy,bsawdyrk@msn.com,Female,China
994,Elena,Shannahan,eshannahanrl@surveymonkey.com,Female,China
995,Diena,Bresner,dbresnerrm@goo.ne.jp,Female,China
996,Adelina,Delatour,adelatourrn@google.com.br,Female,China
997,Averell,Ruecastle,aruecastlero@amazon.co.uk,Male,China
998,Toddie,Du Plantier,tduplantierrp@diigo.com,Male,China
999,Viviana,Howsego,vhowsegorq@sogou.com,Female,Indonesia
1000,Koressa,Gaskall,kgaskallrr@list-manage.com,Female,Indonesia
